{"cameraMode":{"drawMode":0,"name":"Shaded","section":"Shading Mode"},"sceneLighting":true,"audioPlay":false,"sceneViewState":{"m_AlwaysRefresh":false,"showFog":true,"showSkybox":true,"showFlares":true,"showImageEffects":true,"showParticleSystems":true,"showVisualEffectGraphs":true,"m_FxEnabled":true},"in2DMode":false,"pivot":{"x":2.9503579139709474,"y":-19.880216598510743,"z":20.064868927001954},"rotation":{"x":0.2316363900899887,"y":-0.04375853389501572,"z":0.010430880822241307,"w":0.971763551235199},"size":105.90267181396485,"orthographic":false}